﻿<parameters>
  <parameter name="IIS Web Application Name" defaultValue="SimpleNote" tags="IisApp">
    <parameterEntry kind="ProviderPath" scope="IisApp" match="^C:\\Users\\Jigougou\\Documents\\Study\\C\#\\SimpleNote\\SimpleNote\\obj\\Release\\Package\\PackageTmp$" />
    <parameterEntry kind="ProviderPath" scope="setAcl" match="^C:\\Users\\Jigougou\\Documents\\Study\\C\#\\SimpleNote\\SimpleNote\\obj\\Release\\Package\\PackageTmp$" />
  </parameter>
  <parameter name="SimpleNoteContext-Web.config Connection String" defaultValue="Data Source=(LocalDb)\MSSQLLocalDB;AttachDbFilename=|DataDirectory|\simplenote.mdf;Integrated Security=True">
    <parameterEntry kind="XmlFile" scope="C:\\Users\\Jigougou\\Documents\\Study\\C\#\\SimpleNote\\SimpleNote\\obj\\Release\\Package\\PackageTmp\\Web\.config$" match="/configuration/connectionStrings/add[@name='SimpleNoteContext']/@connectionString" />
  </parameter>
  <parameter name="SimpleNoteContext_DatabasePublish-Web.config Connection String" description="SimpleNoteContext Connection String used by Entity Framework Code First Model to deploy the database." defaultValue="Data Source=(LocalDb)\MSSQLLocalDB;AttachDbFilename=|DataDirectory|\simplenote.mdf;Integrated Security=True">
    <parameterEntry kind="XmlFile" scope="C:\\Users\\Jigougou\\Documents\\Study\\C\#\\SimpleNote\\SimpleNote\\obj\\Release\\Package\\PackageTmp\\Web\.config$" match="/configuration/connectionStrings/add[@name='SimpleNoteContext_DatabasePublish']/@connectionString" />
  </parameter>
</parameters>